,Traditional_1x,Boom_classic_1x,Fad_1x,Extended_Fad_1x,Seasonal_1x,Revival_1x,Bust_1x,Traditional_2x,Boom_classic_2x,Fad_2x,Extended_Fad_2x,Seasonal_2x,Revival_2x,Bust_2x,Traditional_3x,Boom_classic_3x,Fad_3x,Extended_Fad_3x,Seasonal_3x,Revival_3x,Bust_3x,Traditional_4x,Boom_classic_4x,Fad_4x,Extended_Fad_4x,Seasonal_4x,Revival_4x,Bust_4x
0,2.92,2.23,0.0,0.0,1.12,1.04,0.0,5.84,4.46,0.0,0.0,2.24,2.08,0.0,8.76,6.69,0.0,0.0,3.36,3.12,0.0,11.68,8.92,0.0,0.0,4.48,4.16,0.0
1,3.8603125,2.9121875,3.7280625,3.7280625,2.587625,2.345375,0.7456125,7.720625,5.824375,7.456125,7.456125,5.17525,4.69075,1.491225,11.580937500000001,8.7365625,11.1841875,11.1841875,7.762875000000001,7.036125,2.2368375,15.44125,11.64875,14.91225,14.91225,10.3505,9.3815,2.98245
2,4.800625,3.5943750000000003,7.456125,7.456125,4.05525,3.6507500000000004,1.491225,9.60125,7.188750000000001,14.91225,14.91225,8.1105,7.301500000000001,2.98245,14.401875,10.783125,22.368375,22.368375,12.165750000000001,10.952250000000001,4.473675,19.2025,14.377500000000001,29.8245,29.8245,16.221,14.603000000000002,5.9649
3,5.761125000000001,4.336062500000001,10.988687500000001,10.988687500000001,5.5919375,5.023062500000001,2.1977375,11.522250000000001,8.672125000000001,21.977375000000002,21.977375000000002,11.183875,10.046125000000002,4.395475,17.283375000000003,13.008187500000002,32.96606250000001,32.96606250000001,16.775812500000004,15.069187500000002,6.593212500000001,23.044500000000003,17.344250000000002,43.954750000000004,43.954750000000004,22.36775,20.092250000000003,8.79095
4,6.7715000000000005,5.22475,14.03825,14.03825,7.299250000000001,6.5607500000000005,2.80765,13.543000000000001,10.4495,28.0765,28.0765,14.598500000000001,13.121500000000001,5.6153,20.3145,15.67425,42.11475,42.11475,21.897750000000002,19.682250000000003,8.42295,27.086000000000002,20.899,56.153,56.153,29.197000000000003,26.243000000000002,11.2306
5,7.781875000000001,6.1134375,17.0878125,17.0878125,9.006562500000001,8.0984375,3.4175625,15.563750000000002,12.226875,34.175625,34.175625,18.013125000000002,16.196875,6.835125,23.345625,18.3403125,51.2634375,51.2634375,27.019687500000003,24.2953125,10.2526875,31.127500000000005,24.45375,68.35125,68.35125,36.026250000000005,32.39375,13.67025
6,8.792250000000001,7.004250000000001,20.451875,20.451875,10.711750000000002,9.680750000000002,4.090375000000001,17.584500000000002,14.008500000000002,40.90375,40.90375,21.423500000000004,19.361500000000003,8.180750000000002,26.37675,21.01275,61.35562500000001,61.35562500000001,32.135250000000006,29.042250000000006,12.271125000000003,35.169000000000004,28.017000000000003,81.8075,81.8075,42.84700000000001,38.723000000000006,16.361500000000003
7,9.802625,7.896625000000001,24.0471875,24.0471875,12.415375000000001,11.295875000000002,4.8094375000000005,19.60525,15.793250000000002,48.094375,48.094375,24.830750000000002,22.591750000000005,9.618875000000001,29.407875000000004,23.689875,72.1415625,72.1415625,37.246125000000006,33.887625,14.428312500000002,39.2105,31.586500000000004,96.18875,96.18875,49.661500000000004,45.18350000000001,19.237750000000002
8,10.812999999999999,8.789000000000001,27.6425,27.6425,14.119,12.911000000000001,5.528500000000001,21.625999999999998,17.578000000000003,55.285,55.285,28.238,25.822000000000003,11.057000000000002,32.439,26.367,82.92750000000001,82.92750000000001,42.357,38.733000000000004,16.585500000000003,43.251999999999995,35.156000000000006,110.57,110.57,56.476,51.644000000000005,22.114000000000004
9,11.7054375,9.617625,31.291999999999998,31.291999999999998,16.383625000000002,14.057562500000001,6.258400000000001,23.410875,19.23525,62.583999999999996,62.583999999999996,32.767250000000004,28.115125000000003,12.516800000000002,35.1163125,28.852875,93.876,93.876,49.150875,42.1726875,18.7752,46.82175,38.4705,125.16799999999999,125.16799999999999,65.53450000000001,56.230250000000005,25.033600000000003
10,12.579375,10.436250000000001,34.949999999999996,34.949999999999996,18.73625,15.130625,6.99,25.15875,20.872500000000002,69.89999999999999,69.89999999999999,37.4725,30.26125,13.98,37.738125000000004,31.30875,104.85000000000001,104.85000000000001,56.208749999999995,45.391875,20.97,50.3175,41.745000000000005,139.79999999999998,139.79999999999998,74.945,60.5225,27.96
11,13.453312500000001,11.276250000000001,38.5466875,38.5466875,21.097875000000002,16.1924375,7.709337500000001,26.906625000000002,22.552500000000002,77.093375,77.093375,42.195750000000004,32.384875,15.418675000000002,40.3599375,33.82875000000001,115.64006250000001,115.64006250000001,63.293625000000006,48.5773125,23.1280125,53.813250000000004,45.105000000000004,154.18675,154.18675,84.39150000000001,64.76975,30.837350000000004
12,14.327250000000001,12.235000000000003,41.80275,41.80275,23.509500000000003,17.191750000000003,8.360550000000002,28.654500000000002,24.470000000000006,83.6055,83.6055,47.019000000000005,34.383500000000005,16.721100000000003,42.981750000000005,36.705000000000005,125.40825000000001,125.40825000000001,70.52850000000001,51.575250000000004,25.081650000000003,57.309000000000005,48.94000000000001,167.211,167.211,94.03800000000001,68.76700000000001,33.44220000000001
13,15.2011875,13.193750000000001,45.0588125,45.0588125,25.921125,18.1910625,9.0117625,30.402375,26.387500000000003,90.117625,90.117625,51.84225,36.382125,18.023525,45.6035625,39.58125,135.1764375,135.1764375,77.76337500000001,54.5731875,27.035287500000003,60.80475,52.775000000000006,180.23525,180.23525,103.6845,72.76425,36.04705
14,16.045875000000002,14.363750000000003,48.37337500000001,48.37337500000001,28.280750000000005,19.224500000000003,9.39615,32.091750000000005,28.727500000000006,96.74675000000002,96.74675000000002,56.56150000000001,38.449000000000005,18.7923,48.13762500000001,43.09125,145.120125,145.120125,84.84225,57.673500000000004,28.18845,64.18350000000001,57.45500000000001,193.49350000000004,193.49350000000004,113.12300000000002,76.89800000000001,37.5846
15,16.8534375,15.801874999999999,51.7621875,51.7621875,30.574375,20.30125,9.441875,33.706875,31.603749999999998,103.524375,103.524375,61.14875,40.6025,18.88375,50.5603125,47.405625,155.2865625,155.2865625,91.723125,60.90375,28.325625,67.41375,63.207499999999996,207.04875,207.04875,122.2975,81.205,37.7675
16,17.661,17.240000000000002,55.151,55.151,32.868,21.378000000000004,9.4876,35.322,34.480000000000004,110.302,110.302,65.736,42.75600000000001,18.9752,52.983000000000004,51.720000000000006,165.45300000000003,165.45300000000003,98.60400000000001,64.13400000000001,28.4628,70.644,68.96000000000001,220.604,220.604,131.472,85.51200000000001,37.9504
17,18.4685625,18.6754375,58.48875,58.48875,35.376625000000004,22.734250000000003,9.634375,36.937125,37.350875,116.9775,116.9775,70.75325000000001,45.468500000000006,19.26875,55.405687500000006,56.02631250000001,175.46625000000003,175.46625000000003,106.12987500000001,68.20275000000001,28.903125000000003,73.87425,74.70175,233.955,233.955,141.50650000000002,90.93700000000001,38.5375
18,19.276125,20.109875,61.8075,61.8075,37.96525,24.1945,9.81875,38.55225,40.21975,123.615,123.615,75.9305,48.389,19.6375,57.828375,60.32962500000001,185.4225,185.4225,113.89575,72.5835,29.45625,77.1045,80.4395,247.23,247.23,151.861,96.778,39.275
19,20.0836875,21.5420625,65.134375,65.134375,40.5598125,25.652125,10.00375,40.167375,43.084125,130.26875,130.26875,81.119625,51.30425,20.0075,60.2510625,64.62618750000001,195.40312500000002,195.40312500000002,121.67943750000002,76.95637500000001,30.01125,80.33475,86.16825,260.5375,260.5375,162.23925,102.6085,40.015
20,20.89125,22.84375,68.9325,68.9325,43.49875,26.9575,10.225,41.7825,45.6875,137.865,137.865,86.9975,53.915,20.45,62.67375,68.53125,206.7975,206.7975,130.49625,80.8725,30.675,83.565,91.375,275.73,275.73,173.995,107.83,40.9
21,21.698812500000003,24.1454375,72.730625,72.730625,46.4376875,28.262875,10.44625,43.397625000000005,48.290875,145.46125,145.46125,92.875375,56.52575,20.8925,65.09643750000001,72.43631250000001,218.19187500000004,218.19187500000004,139.3130625,84.78862500000001,31.33875,86.79525000000001,96.58175,290.9225,290.9225,185.75075,113.0515,41.785
22,22.527750000000005,25.446,76.58950000000002,76.58950000000002,49.323750000000004,29.568250000000003,10.735000000000001,45.05550000000001,50.892,153.17900000000003,153.17900000000003,98.64750000000001,59.136500000000005,21.470000000000002,67.58325,76.33800000000001,229.76850000000005,229.76850000000005,147.97125000000003,88.70475000000002,32.205000000000005,90.11100000000002,101.784,306.35800000000006,306.35800000000006,197.29500000000002,118.27300000000001,42.940000000000005
23,23.405375000000003,26.744000000000003,80.58675000000001,80.58675000000001,52.089375000000004,30.873625000000004,11.177500000000002,46.810750000000006,53.48800000000001,161.17350000000002,161.17350000000002,104.17875000000001,61.74725000000001,22.355000000000004,70.216125,80.23200000000001,241.76025000000004,241.76025000000004,156.26812500000003,92.62087500000001,33.532500000000006,93.62150000000001,106.97600000000001,322.34700000000004,322.34700000000004,208.35750000000002,123.49450000000002,44.71000000000001
24,24.283000000000005,28.042000000000005,84.584,84.584,54.855000000000004,32.17900000000001,11.620000000000003,48.56600000000001,56.08400000000001,169.168,169.168,109.71000000000001,64.35800000000002,23.240000000000006,72.84900000000002,84.126,253.75200000000004,253.75200000000004,164.56500000000003,96.537,34.86000000000001,97.13200000000002,112.16800000000002,338.336,338.336,219.42000000000002,128.71600000000004,46.48000000000001
25,25.318125,29.3815625,86.4528125,86.4528125,57.515625,33.5303125,11.84375,50.63625,58.763125,172.905625,172.905625,115.03125,67.060625,23.6875,75.954375,88.14468749999999,259.3584375,259.3584375,172.546875,100.5909375,35.53125,101.2725,117.52625,345.81125,345.81125,230.0625,134.12125,47.375
26,26.46125,30.749625,86.86212499999999,86.86212499999999,60.10425,34.913125,11.9175,52.9225,61.49925,173.72424999999998,173.72424999999998,120.2085,69.82625,23.835,79.38375,92.248875,260.586375,260.586375,180.31275,104.739375,35.7525,105.845,122.9985,347.44849999999997,347.44849999999997,240.417,139.6525,47.67
27,27.604375,32.1176875,87.27143749999999,87.27143749999999,62.69287500000001,36.2959375,11.99125,55.20875,64.235375,174.54287499999998,174.54287499999998,125.38575000000002,72.591875,23.9825,82.813125,96.35306250000001,261.81431249999997,261.81431249999997,188.07862500000002,108.8878125,35.97375,110.4175,128.47075,349.08574999999996,349.08574999999996,250.77150000000003,145.18375,47.965
28,28.747500000000002,33.1835,84.32999999999998,84.32999999999998,65.33350000000002,38.08500000000001,11.9025,57.495000000000005,66.367,168.65999999999997,168.65999999999997,130.66700000000003,76.17000000000002,23.805,86.2425,99.55050000000001,252.98999999999995,252.98999999999995,196.00050000000002,114.25500000000001,35.707499999999996,114.99000000000001,132.734,337.31999999999994,337.31999999999994,261.33400000000006,152.34000000000003,47.61
29,29.890625000000004,34.208625000000005,80.93749999999999,80.93749999999999,67.98112500000002,39.92875000000001,11.791875,59.78125000000001,68.41725000000001,161.87499999999997,161.87499999999997,135.96225000000004,79.85750000000002,23.58375,89.67187500000001,102.62587500000002,242.81249999999997,242.81249999999997,203.94337500000003,119.78625000000002,35.375625,119.56250000000001,136.83450000000002,323.74999999999994,323.74999999999994,271.9245000000001,159.71500000000003,47.1675
30,31.090625,35.30375,77.545625,77.545625,70.53875000000001,41.7725,11.6375,62.18125,70.6075,155.09125,155.09125,141.07750000000001,83.545,23.275,93.271875,105.91125000000001,232.636875,232.636875,211.61624999999998,125.3175,34.9125,124.3625,141.215,310.1825,310.1825,282.15500000000003,167.09,46.55
31,32.5693125,36.741875,74.1568125,74.1568125,72.655375,43.61625,11.268749999999999,65.138625,73.48375,148.313625,148.313625,145.31075,87.2325,22.537499999999998,97.7079375,110.22562500000001,222.4704375,222.4704375,217.966125,130.84875,33.80625,130.27725,146.9675,296.62725,296.62725,290.6215,174.465,45.074999999999996
32,34.048,38.18000000000001,70.768,70.768,74.772,45.46000000000001,10.899999999999999,68.096,76.36000000000001,141.536,141.536,149.544,90.92000000000002,21.799999999999997,102.144,114.54,212.30399999999997,212.30399999999997,224.316,136.38,32.7,136.192,152.72000000000003,283.072,283.072,299.088,181.84000000000003,43.599999999999994
33,35.621187500000005,39.586062500000004,67.472,67.472,77.10293750000001,47.23287500000001,10.564999999999998,71.24237500000001,79.17212500000001,134.944,134.944,154.20587500000002,94.46575000000001,21.129999999999995,106.86356250000001,118.7581875,202.41599999999997,202.41599999999997,231.30881250000002,141.69862500000002,31.695,142.48475000000002,158.34425000000002,269.888,269.888,308.41175000000004,188.93150000000003,42.25999999999999
34,37.30637500000001,40.954125000000005,64.28599999999999,64.28599999999999,79.68787500000002,48.92175,10.27,74.61275000000002,81.90825000000001,128.57199999999997,128.57199999999997,159.37575000000004,97.8435,20.54,111.91912500000002,122.86237500000001,192.85799999999995,192.85799999999995,239.06362500000003,146.76525,30.809999999999995,149.22550000000004,163.81650000000002,257.14399999999995,257.14399999999995,318.7515000000001,195.687,41.08
35,38.9915625,42.3221875,61.1,61.1,82.2728125,50.610625,9.975,77.983125,84.644375,122.2,122.2,164.545625,101.22125,19.95,116.9746875,126.9665625,183.3,183.3,246.8184375,151.831875,29.925,155.96625,169.28875,244.4,244.4,329.09125,202.4425,39.9
36,40.874750000000006,44.1,58.068,58.068,84.20325000000001,52.415,9.7625,81.74950000000001,88.2,116.136,116.136,168.40650000000002,104.83,19.525,122.62425,132.3,174.204,174.204,252.60975,157.245,29.287499999999998,163.49900000000002,176.4,232.272,232.272,336.81300000000005,209.66,39.05
37,42.82543750000001,46.017500000000005,55.088499999999996,55.088499999999996,85.91056250000001,54.258750000000006,9.578125,85.65087500000001,92.03500000000001,110.17699999999999,110.17699999999999,171.82112500000002,108.51750000000001,19.15625,128.4763125,138.0525,165.26549999999997,165.26549999999997,257.7316875,162.77625,28.734375,171.30175000000003,184.07000000000002,220.35399999999998,220.35399999999998,343.64225000000005,217.03500000000003,38.3125
38,44.76475000000001,47.916375,52.09962499999999,52.182375,87.589875,56.09737500000001,9.39375,89.52950000000001,95.83275,104.19924999999998,104.36475,175.17975,112.19475000000001,18.7875,134.29425,143.74912500000002,156.29887499999998,156.547125,262.769625,168.29212500000003,28.18125,179.05900000000003,191.6655,208.39849999999996,208.7295,350.3595,224.38950000000003,37.575
39,46.379875000000006,49.2844375,48.84356249999999,51.367437499999994,88.4711875,57.78993750000001,9.209375,92.75975000000001,98.568875,97.68712499999998,102.73487499999999,176.942375,115.57987500000002,18.41875,139.13962500000002,147.85331250000002,146.53068749999994,154.10231249999998,265.4135625,173.36981250000002,27.628124999999997,185.51950000000002,197.13775,195.37424999999996,205.46974999999998,353.88475,231.15975000000003,36.8375
40,47.995000000000005,50.652499999999996,45.587500000000006,50.5525,89.3525,59.4825,9.025,95.99000000000001,101.30499999999999,91.17500000000001,101.105,178.705,118.965,18.05,143.985,151.9575,136.7625,151.6575,268.0575,178.4475,27.075,191.98000000000002,202.60999999999999,182.35000000000002,202.21,357.41,237.93,36.1
41,49.587562500000004,51.998,42.202,49.88125,89.5521875,61.0254375,8.6378,99.17512500000001,103.996,84.404,99.7625,179.104375,122.050875,17.2756,148.76268750000003,155.994,126.60599999999998,149.64375,268.6565625,183.0763125,25.913399999999996,198.35025000000002,207.992,168.808,199.525,358.20875,244.10175,34.5512
42,51.132625000000004,53.296,38.544,49.5125,88.316875,62.253375000000005,7.823599999999999,102.26525000000001,106.592,77.088,99.025,176.63375,124.50675000000001,15.647199999999998,153.39787500000003,159.888,115.63199999999998,148.5375,264.950625,186.760125,23.470799999999997,204.53050000000002,213.184,154.176,198.05,353.2675,249.01350000000002,31.294399999999996
43,52.677687500000005,54.59400000000001,34.88599999999999,49.14375,87.08156249999999,63.4813125,7.009399999999998,105.35537500000001,109.18800000000002,69.77199999999998,98.2875,174.16312499999998,126.962625,14.018799999999995,158.03306250000003,163.782,104.65799999999996,147.43125,261.2446875,190.4439375,21.02819999999999,210.71075000000002,218.37600000000003,139.54399999999995,196.575,348.32624999999996,253.92525,28.03759999999999
44,54.34875000000001,55.85150000000001,31.34949999999999,48.775,85.45249999999999,65.03775,6.269899999999997,108.69750000000002,111.70300000000002,62.69899999999998,97.55,170.90499999999997,130.0755,12.539799999999994,163.04625000000001,167.55450000000002,94.04849999999996,146.325,256.35749999999996,195.11325000000002,18.809699999999992,217.39500000000004,223.40600000000003,125.39799999999995,195.1,341.80999999999995,260.151,25.07959999999999
45,56.1003125,57.083125,27.890625,48.40625,83.57187499999999,66.8040625,5.578125,112.200625,114.16625,55.78125,96.8125,167.14374999999998,133.608125,11.15625,168.3009375,171.249375,83.671875,145.21875,250.71562500000002,200.4121875,16.734375,224.40125,228.3325,111.5625,193.625,334.28749999999997,267.21625,22.3125
46,57.851875000000014,58.314750000000004,24.43174999999998,48.037499999999994,81.69124999999998,68.57037500000001,4.886349999999996,115.70375000000003,116.62950000000001,48.86349999999996,96.07499999999999,163.38249999999996,137.14075000000003,9.772699999999992,173.55562500000002,174.94425,73.29524999999994,144.11249999999998,245.07374999999996,205.71112500000004,14.659049999999988,231.40750000000006,233.25900000000001,97.72699999999992,192.14999999999998,326.76499999999993,274.28150000000005,19.545399999999983
47,59.42125,59.6689375,20.42631249999999,47.66875,79.704625,70.545375,4.085262499999998,118.8425,119.337875,40.85262499999998,95.3375,159.40925,141.09075,8.170524999999996,178.26375000000002,179.0068125,61.27893749999997,143.00625,239.11387499999998,211.63612500000002,12.255787499999995,237.685,238.67575,81.70524999999996,190.675,318.8185,282.1815,16.341049999999992
48,60.97000000000001,61.037000000000006,16.35899999999997,47.3,77.70599999999999,72.54400000000001,3.2717999999999936,121.94000000000003,122.07400000000001,32.71799999999994,94.6,155.41199999999998,145.08800000000002,6.543599999999987,182.91000000000003,183.11100000000002,49.0769999999999,141.89999999999998,233.11799999999997,217.63200000000003,9.815399999999983,243.88000000000005,244.14800000000002,65.43599999999988,189.2,310.82399999999996,290.17600000000004,13.087199999999974
49,62.467875,62.3541875,12.152812499999982,46.93125,75.69568749999999,74.52818750000002,2.430562499999996,124.93575,124.708375,24.305624999999964,93.8625,151.39137499999998,149.05637500000003,4.861124999999992,187.403625,187.0625625,36.458437499999945,140.79375,227.08706249999997,223.5845625,7.2916874999999886,249.8715,249.41675,48.61124999999993,187.725,302.78274999999996,298.11275000000006,9.722249999999985
50,63.74375,63.449375,7.340625,46.5625,73.63437499999999,76.449375,1.468125,127.4875,126.89875,14.68125,93.125,147.26874999999998,152.89875,2.93625,191.23125,190.348125,22.021874999999998,139.6875,220.90312500000002,229.34812499999998,4.404375,254.975,253.7975,29.3625,186.25,294.53749999999997,305.7975,5.8725
51,65.019625,64.54456250000001,2.5284374999999724,46.193749999999994,71.57306249999998,78.3705625,0.5056874999999943,130.03925,129.08912500000002,5.056874999999945,92.38749999999999,143.14612499999996,156.741125,1.0113749999999886,195.05887500000003,193.63368750000004,7.585312499999915,138.58124999999998,214.71918749999998,235.11168750000002,1.5170624999999829,260.0785,258.17825000000005,10.11374999999989,184.77499999999998,286.2922499999999,313.48225,2.022749999999977
52,66.29725,65.575,0.0,45.825,69.5135,80.03625,0.0,132.5945,131.15,0.0,91.65,139.027,160.0725,0.0,198.89175,196.72500000000002,0.0,137.475,208.54049999999998,240.10875,0.0,265.189,262.3,0.0,183.3,278.054,320.145,0.0
53,67.5768125,66.53375000000001,0.0,45.45625,67.45587499999998,81.41906250000001,0.0,135.153625,133.06750000000002,0.0,90.9125,134.91174999999996,162.83812500000002,0.0,202.73043750000002,199.60125000000002,0.0,136.36874999999998,202.36762499999995,244.25718750000001,0.0,270.30725,266.13500000000005,0.0,181.825,269.8234999999999,325.67625000000004,0.0
54,68.856375,67.4925,0.0,45.0875,65.39824999999999,82.801875,0.0,137.71275,134.985,0.0,90.175,130.79649999999998,165.60375,0.0,206.569125,202.47750000000002,0.0,135.2625,196.19474999999997,248.40562500000001,0.0,275.4255,269.97,0.0,180.35,261.59299999999996,331.2075,0.0
55,70.290625,68.29375,0.0,44.15625,62.848437499999996,84.1846875,0.0,140.58125,136.5875,0.0,88.3125,125.69687499999999,168.369375,0.0,210.871875,204.88125,0.0,132.46875,188.5453125,252.5540625,0.0,281.1625,273.175,0.0,176.625,251.39374999999998,336.73875,0.0
56,71.77300000000001,69.046,0.0,43.05,60.145499999999984,85.56750000000001,0.0,143.54600000000002,138.092,0.0,86.1,120.29099999999997,171.13500000000002,0.0,215.31900000000002,207.138,0.0,129.14999999999998,180.43649999999997,256.7025,0.0,287.09200000000004,276.184,0.0,172.2,240.58199999999994,342.27000000000004,0.0
57,73.22781250000001,69.79825000000001,0.0,41.9625,57.7264375,86.9266875,0.0,146.45562500000003,139.59650000000002,0.0,83.925,115.452875,173.853375,0.0,219.6834375,209.39475000000002,0.0,125.88749999999999,173.17931250000004,260.7800625,0.0,292.91125000000005,279.19300000000004,0.0,167.85,230.90575,347.70675,0.0
58,74.16812500000002,70.55050000000001,0.0,41.224999999999994,60.60637500000002,87.844875,0.0,148.33625000000004,141.10100000000003,0.0,82.44999999999999,121.21275000000004,175.68975,0.0,222.504375,211.65150000000003,0.0,123.67499999999998,181.81912500000007,263.534625,0.0,296.67250000000007,282.20200000000006,0.0,164.89999999999998,242.42550000000008,351.3795,0.0
59,75.10843750000001,71.30275,0.0,40.4875,63.48631250000001,88.7630625,0.0,150.21687500000002,142.6055,0.0,80.975,126.97262500000002,177.526125,0.0,225.3253125,213.90825,0.0,121.46249999999999,190.45893750000002,266.2891875,0.0,300.43375000000003,285.211,0.0,161.95,253.94525000000004,355.05225,0.0
60,76.02625,72.125,0.0,39.5,66.1275,89.70875000000001,0.0,152.0525,144.25,0.0,79.0,132.255,179.41750000000002,0.0,228.07875,216.375,0.0,118.5,198.3825,269.12625,0.0,304.105,288.5,0.0,158.0,264.51,358.83500000000004,0.0
61,76.9001875,73.08375000000001,0.0,38.02499999999999,68.30312500000002,90.70806250000001,0.0,153.800375,146.16750000000002,0.0,76.04999999999998,136.60625000000005,181.41612500000002,0.0,230.70056250000002,219.25125000000003,0.0,114.07499999999997,204.90937500000004,272.1241875,0.0,307.60075,292.33500000000004,0.0,152.09999999999997,273.2125000000001,362.83225000000004,0.0
62,77.774125,74.0425,0.0,36.55,70.47875,91.707375,0.0,155.54825,148.085,0.0,73.1,140.9575,183.41475,0.0,233.32237500000002,222.1275,0.0,109.64999999999999,211.43625000000003,275.12212500000004,0.0,311.0965,296.17,0.0,146.2,281.915,366.8295,0.0
63,78.47925,74.99893750000001,0.0,34.61249999999998,72.50868750000002,92.32050000000001,0.0,156.9585,149.99787500000002,0.0,69.22499999999997,145.01737500000004,184.64100000000002,0.0,235.43775000000002,224.9968125,0.0,103.83749999999995,217.52606250000005,276.9615,0.0,313.917,299.99575000000004,0.0,138.44999999999993,290.0347500000001,369.28200000000004,0.0
64,79.084,75.95400000000001,0.0,32.39999999999999,74.45200000000001,92.70400000000001,0.0,158.168,151.90800000000002,0.0,64.79999999999998,148.90400000000002,185.40800000000002,0.0,237.252,227.862,0.0,97.19999999999997,223.35600000000002,278.112,0.0,316.336,303.81600000000003,0.0,129.59999999999997,297.80800000000005,370.81600000000003,0.0
65,79.68875,76.90906249999999,0.0,30.1875,76.3953125,93.0875,0.0,159.3775,153.81812499999998,0.0,60.375,152.790625,186.175,0.0,239.06625,230.72718749999999,0.0,90.5625,229.1859375,279.2625,0.0,318.755,307.63624999999996,0.0,120.75,305.58125,372.35,0.0
66,80.54325,77.681875,0.0,28.31249999999999,78.17325000000001,92.981625,0.0,161.0865,155.36375,0.0,56.62499999999998,156.34650000000002,185.96325,0.0,241.62975000000003,233.045625,0.0,84.93749999999997,234.51975000000004,278.944875,0.0,322.173,310.7275,0.0,113.24999999999996,312.69300000000004,371.9265,0.0
67,81.42087500000001,78.4378125,0.0,26.468749999999996,79.93587500000001,92.8304375,0.0,162.84175000000002,156.875625,0.0,52.93749999999999,159.87175000000002,185.660875,0.0,244.262625,235.31343750000002,0.0,79.40624999999999,239.80762500000003,278.4913125,0.0,325.68350000000004,313.75125,0.0,105.87499999999999,319.74350000000004,371.32175,0.0
68,82.21525000000001,79.10900000000001,0.0,24.624999999999986,81.60325000000002,92.64699999999999,0.0,164.43050000000002,158.21800000000002,0.0,49.24999999999997,163.20650000000003,185.29399999999998,0.0,246.64575000000002,237.327,0.0,73.87499999999996,244.80975000000004,277.941,0.0,328.86100000000005,316.43600000000004,0.0,98.49999999999994,326.41300000000007,370.58799999999997,0.0
69,82.68356250000001,79.44825,0.0,22.781249999999993,82.8975625,92.33725,0.0,165.36712500000002,158.8965,0.0,45.562499999999986,165.795125,184.6745,0.0,248.0506875,238.34475,0.0,68.34374999999997,248.69268750000003,277.01175,0.0,330.73425000000003,317.793,0.0,91.12499999999997,331.59025,369.349,0.0
70,83.151875,79.7875,0.0,20.9375,84.191875,92.0275,0.0,166.30375,159.575,0.0,41.875,168.38375,184.055,0.0,249.455625,239.3625,0.0,62.8125,252.575625,276.0825,0.0,332.6075,319.15,0.0,83.75,336.7675,368.11,0.0
71,83.55675000000001,80.3641875,0.0,16.374999999999957,85.4861875,91.5310625,0.0,167.11350000000002,160.728375,0.0,32.749999999999915,170.972375,183.062125,0.0,250.67025,241.0925625,0.0,49.12499999999987,256.4585625,274.5931875,0.0,334.22700000000003,321.45675,0.0,65.49999999999983,341.94475,366.12425,0.0
72,83.896,81.1865,0.0,8.999999999999986,86.7805,90.8415,0.0,167.792,162.373,0.0,17.99999999999997,173.561,181.683,0.0,251.688,243.55949999999999,0.0,26.999999999999957,260.3415,272.5245,0.0,335.584,324.746,0.0,35.99999999999994,347.122,363.366,0.0
73,84.23525000000001,82.0088125,0.0,1.6249999999999432,88.07481250000001,90.15193749999999,0.0,168.47050000000002,164.017625,0.0,3.2499999999998863,176.14962500000001,180.30387499999998,0.0,252.70575000000002,246.02643750000001,0.0,4.8749999999998295,264.2244375,270.4558125,0.0,336.94100000000003,328.03525,0.0,6.499999999999773,352.29925000000003,360.60774999999995,0.0
74,84.83325,82.56375,0.0,0.0,88.817125,89.519875,0.0,169.6665,165.1275,0.0,0.0,177.63425,179.03975,0.0,254.49975,247.69125,0.0,0.0,266.451375,268.559625,0.0,339.333,330.255,0.0,0.0,355.2685,358.0795,0.0
75,85.504375,83.04312499999999,0.0,0.0,89.4034375,88.9040625,0.0,171.00875,166.08624999999998,0.0,0.0,178.806875,177.808125,0.0,256.513125,249.129375,0.0,0.0,268.2103125,266.7121875,0.0,342.0175,332.17249999999996,0.0,0.0,357.61375,355.61625,0.0
76,86.1575,83.53175,0.0,0.0,89.86625,88.27274999999999,0.0,172.315,167.0635,0.0,0.0,179.7325,176.54549999999998,0.0,258.47249999999997,250.59525000000002,0.0,0.0,269.59875,264.81825,0.0,344.63,334.127,0.0,0.0,359.465,353.09099999999995,0.0
77,86.563125,84.14756249999999,0.0,0.0,88.6309375,87.4283125,0.0,173.12625,168.29512499999998,0.0,0.0,177.261875,174.856625,0.0,259.689375,252.4426875,0.0,0.0,265.8928125,262.2849375,0.0,346.2525,336.59024999999997,0.0,0.0,354.52375,349.71325,0.0
78,86.96875,84.763375,0.0,0.0,87.39562499999998,86.58387499999999,0.0,173.9375,169.52675,0.0,0.0,174.79124999999996,173.16774999999998,0.0,260.90625,254.29012500000002,0.0,0.0,262.186875,259.751625,0.0,347.875,339.0535,0.0,0.0,349.5824999999999,346.33549999999997,0.0
79,87.46887500000001,85.4028125,0.0,0.0,85.93062499999999,85.822125,0.0,174.93775000000002,170.805625,0.0,0.0,171.86124999999998,171.64425,0.0,262.406625,256.2084375,0.0,0.0,257.791875,257.46637499999997,0.0,349.87550000000005,341.61125,0.0,0.0,343.72249999999997,343.2885,0.0
80,88.14,86.08500000000001,0.0,0.0,84.05,85.21000000000001,0.0,176.28,172.17000000000002,0.0,0.0,168.1,170.42000000000002,0.0,264.41999999999996,258.255,0.0,0.0,252.15,255.63,0.0,352.56,344.34000000000003,0.0,0.0,336.2,340.84000000000003,0.0
81,88.811125,86.7671875,0.0,0.0,82.16937499999999,84.59787499999999,0.0,177.62225,173.534375,0.0,0.0,164.33874999999998,169.19574999999998,0.0,266.433375,260.3015625,0.0,0.0,246.50812499999998,253.793625,0.0,355.2445,347.06875,0.0,0.0,328.67749999999995,338.39149999999995,0.0
82,89.39675,87.27600000000001,0.0,0.0,80.21275,83.736375,0.0,178.7935,174.55200000000002,0.0,0.0,160.4255,167.47275,0.0,268.19025,261.828,0.0,0.0,240.63825,251.20912499999997,0.0,357.587,349.10400000000004,0.0,0.0,320.851,334.9455,0.0
83,89.935125,87.68900000000001,0.0,0.0,78.21412499999998,82.7370625,0.0,179.87025,175.37800000000001,0.0,0.0,156.42824999999996,165.474125,0.0,269.80537499999997,263.067,0.0,0.0,234.64237499999996,248.21118749999997,0.0,359.7405,350.75600000000003,0.0,0.0,312.8564999999999,330.94825,0.0
84,90.4735,88.102,0.0,0.0,76.21549999999999,81.73774999999999,0.0,180.947,176.204,0.0,0.0,152.43099999999998,163.47549999999998,0.0,271.4205,264.306,0.0,0.0,228.64649999999997,245.21325,0.0,361.894,352.408,0.0,0.0,304.86199999999997,326.95099999999996,0.0
85,90.7609375,88.5734375,0.0,0.0,74.15843749999998,81.09593749999999,0.0,181.521875,177.146875,0.0,0.0,148.31687499999995,162.19187499999998,0.0,272.2828125,265.7203125,0.0,0.0,222.47531249999994,243.28781249999997,0.0,363.04375,354.29375,0.0,0.0,296.6337499999999,324.38374999999996,0.0
86,91.030125,89.049125,0.0,0.0,72.09712499999998,80.480125,0.0,182.06025,178.09825,0.0,0.0,144.19424999999995,160.96025,0.0,273.090375,267.147375,0.0,0.0,216.29137499999996,241.440375,0.0,364.1205,356.1965,0.0,0.0,288.3884999999999,321.9205,0.0
87,91.2993125,89.4955625,0.0,0.0,70.03662499999997,79.79687499999999,0.0,182.598625,178.991125,0.0,0.0,140.07324999999994,159.59374999999997,0.0,273.8979375,268.4866875,0.0,0.0,210.10987499999993,239.39062499999997,0.0,365.19725,357.98225,0.0,0.0,280.1464999999999,319.18749999999994,0.0
88,91.5685,89.8385,0.0,0.0,67.97899999999998,78.875,0.0,183.137,179.677,0.0,0.0,135.95799999999997,157.75,0.0,274.70550000000003,269.51550000000003,0.0,0.0,203.93699999999995,236.62499999999997,0.0,366.274,359.354,0.0,0.0,271.91599999999994,315.5,0.0
89,91.8376875,90.1814375,0.0,0.0,65.92137499999998,77.953125,0.0,183.675375,180.362875,0.0,0.0,131.84274999999997,155.90625,0.0,275.51306250000005,270.5443125,0.0,0.0,197.76412499999998,233.859375,0.0,367.35075,360.72575,0.0,0.0,263.68549999999993,311.8125,0.0
90,92.17625,90.59375,0.0,0.0,63.535624999999996,76.91312500000001,0.0,184.3525,181.1875,0.0,0.0,127.07124999999999,153.82625000000002,0.0,276.52875,271.78125,0.0,0.0,190.606875,230.739375,0.0,368.705,362.375,0.0,0.0,254.14249999999998,307.65250000000003,0.0
91,92.581875,91.073125,0.0,0.0,60.832687500000006,75.7589375,0.0,185.16375,182.14625,0.0,0.0,121.66537500000001,151.517875,0.0,277.745625,273.219375,0.0,0.0,182.49806250000003,227.27681250000003,0.0,370.3275,364.2925,0.0,0.0,243.33075000000002,303.03575,0.0
92,92.9875,91.55250000000001,0.0,0.0,58.129749999999966,74.60475,0.0,185.975,183.10500000000002,0.0,0.0,116.25949999999993,149.2095,0.0,278.9625,274.6575,0.0,0.0,174.38924999999992,223.81424999999996,0.0,371.95,366.21000000000004,0.0,0.0,232.51899999999986,298.419,0.0
93,93.17575,91.75868750000001,0.0,0.0,59.87418750000002,73.5151875,0.0,186.3515,183.51737500000002,0.0,0.0,119.74837500000004,147.030375,0.0,279.52725,275.2760625,0.0,0.0,179.62256250000007,220.5455625,0.0,372.703,367.03475000000003,0.0,0.0,239.49675000000008,294.06075,0.0
94,93.30850000000001,91.895125,0.0,0.0,62.75412500000001,72.44212499999999,0.0,186.61700000000002,183.79025,0.0,0.0,125.50825000000002,144.88424999999998,0.0,279.9255,275.685375,0.0,0.0,188.26237500000002,217.32637499999998,0.0,373.23400000000004,367.5805,0.0,0.0,251.01650000000004,289.76849999999996,0.0
95,93.464375,92.03156249999999,0.0,0.0,65.574375,71.3559375,0.0,186.92875,184.06312499999999,0.0,0.0,131.14875,142.711875,0.0,280.393125,276.0946875,0.0,0.0,196.72312499999998,214.0678125,0.0,373.8575,368.12624999999997,0.0,0.0,262.2975,285.42375,0.0
96,93.87,92.168,0.0,0.0,67.75000000000004,70.12799999999997,0.0,187.74,184.336,0.0,0.0,135.50000000000009,140.25599999999994,0.0,281.61,276.504,0.0,0.0,203.25000000000009,210.38399999999993,0.0,375.48,368.672,0.0,0.0,271.00000000000017,280.5119999999999,0.0
97,94.275625,92.3044375,0.0,0.0,69.92562500000003,68.90006249999998,0.0,188.55125,184.608875,0.0,0.0,139.85125000000005,137.80012499999995,0.0,282.826875,276.9133125,0.0,0.0,209.77687500000008,206.70018749999994,0.0,377.1025,369.21775,0.0,0.0,279.7025000000001,275.6002499999999,0.0
98,94.67987500000001,92.39,0.0,0.0,72.01462500000002,67.64187499999998,0.0,189.35975000000002,184.78,0.0,0.0,144.02925000000005,135.28374999999997,0.0,284.039625,277.17,0.0,0.0,216.04387500000004,202.92562499999997,0.0,378.71950000000004,369.56,0.0,0.0,288.0585000000001,270.56749999999994,0.0
99,95.0818125,92.39,0.0,0.0,73.95793750000001,66.33281249999999,0.0,190.163625,184.78,0.0,0.0,147.91587500000003,132.66562499999998,0.0,285.2454375,277.17,0.0,0.0,221.87381250000004,198.9984375,0.0,380.32725,369.56,0.0,0.0,295.83175000000006,265.33124999999995,0.0
100,95.48375,92.39,0.0,0.0,75.90125,65.02374999999999,0.0,190.9675,184.78,0.0,0.0,151.8025,130.04749999999999,0.0,286.45125,277.17,0.0,0.0,227.70375,195.07125000000002,0.0,381.935,369.56,0.0,0.0,303.605,260.09499999999997,0.0
101,95.7101875,92.4801875,0.0,0.0,77.72512500000003,63.66593749999998,0.0,191.420375,184.960375,0.0,0.0,155.45025000000007,127.33187499999995,0.0,287.1305625,277.4405625,0.0,0.0,233.1753750000001,190.99781249999995,0.0,382.84075,369.92075,0.0,0.0,310.90050000000014,254.6637499999999,0.0
102,95.846625,92.616625,0.0,0.0,79.48775000000002,62.283124999999984,0.0,191.69325,185.23325,0.0,0.0,158.97550000000004,124.56624999999997,0.0,287.53987500000005,277.849875,0.0,0.0,238.46325000000007,186.84937499999995,0.0,383.3865,370.4665,0.0,0.0,317.9510000000001,249.13249999999994,0.0
103,95.9830625,92.75306250000001,0.0,0.0,81.25037500000002,60.900312499999984,0.0,191.966125,185.50612500000003,0.0,0.0,162.50075000000004,121.80062499999997,0.0,287.94918750000005,278.2591875,0.0,0.0,243.75112500000006,182.70093749999998,0.0,383.93225,371.01225000000005,0.0,0.0,325.0015000000001,243.60124999999994,0.0
104,96.24549999999999,92.76,0.0,0.0,82.5685,59.73799999999999,0.0,192.49099999999999,185.52,0.0,0.0,165.137,119.47599999999998,0.0,288.73650000000004,278.28,0.0,0.0,247.70550000000003,179.214,0.0,384.98199999999997,371.04,0.0,0.0,330.274,238.95199999999997,0.0
105,96.5146875,92.76,0.0,0.0,83.86281249999999,58.5875,0.0,193.029375,185.52,0.0,0.0,167.72562499999998,117.175,0.0,289.54406250000005,278.28,0.0,0.0,251.5884375,175.7625,0.0,386.05875,371.04,0.0,0.0,335.45124999999996,234.35,0.0
106,96.76725,92.84137500000001,0.0,0.0,85.15712500000001,57.38187499999998,0.0,193.5345,185.68275000000003,0.0,0.0,170.31425000000002,114.76374999999996,0.0,290.30175,278.52412499999997,0.0,0.0,255.47137500000008,172.14562499999994,0.0,387.069,371.36550000000005,0.0,0.0,340.62850000000003,229.52749999999992,0.0
107,96.966375,93.1843125,0.0,0.0,86.45143750000001,55.99906249999999,0.0,193.93275,186.368625,0.0,0.0,172.90287500000002,111.99812499999997,0.0,290.899125,279.5529375,0.0,0.0,259.35431250000005,167.99718749999994,0.0,387.8655,372.73725,0.0,0.0,345.80575000000005,223.99624999999995,0.0
108,97.16550000000001,93.52725,0.0,0.0,87.74575000000002,54.616249999999994,0.0,194.33100000000002,187.0545,0.0,0.0,175.49150000000003,109.23249999999999,0.0,291.49649999999997,280.58175,0.0,0.0,263.23725,163.84874999999997,0.0,388.66200000000003,374.109,0.0,0.0,350.98300000000006,218.46499999999997,0.0
109,97.3316875,93.7268125,0.0,0.0,88.6680625,53.312875,0.0,194.663375,187.453625,0.0,0.0,177.336125,106.62575,0.0,291.99506249999996,281.1804375,0.0,0.0,266.0041875,159.93862499999997,0.0,389.32675,374.90725,0.0,0.0,354.67225,213.2515,0.0
110,97.468125,93.796875,0.0,0.0,89.254375,52.08125,0.0,194.93625,187.59375,0.0,0.0,178.50875,104.1625,0.0,292.40437499999996,281.390625,0.0,0.0,267.763125,156.24375,0.0,389.8725,375.1875,0.0,0.0,357.0175,208.325,0.0
111,97.6045625,93.86693749999999,0.0,0.0,89.84068750000002,50.84962499999998,0.0,195.209125,187.73387499999998,0.0,0.0,179.68137500000003,101.69924999999996,0.0,292.8136875,281.6008125,0.0,0.0,269.52206250000006,152.54887499999995,0.0,390.41825,375.46774999999997,0.0,0.0,359.36275000000006,203.39849999999993,0.0
112,97.63,93.88,0.0,0.0,88.945,49.557999999999986,0.0,195.26,187.76,0.0,0.0,177.89,99.11599999999997,0.0,292.89,281.64,0.0,0.0,266.835,148.67399999999998,0.0,390.52,375.52,0.0,0.0,355.78,198.23199999999994,0.0
113,97.63,93.88,0.0,0.0,87.70968749999999,48.25262499999999,0.0,195.26,187.76,0.0,0.0,175.41937499999997,96.50524999999998,0.0,292.89,281.64,0.0,0.0,263.1290625,144.75787499999998,0.0,390.52,375.52,0.0,0.0,350.83874999999995,193.01049999999995,0.0
114,97.63,93.893875,0.0,0.0,86.40874999999998,46.955124999999995,0.0,195.26,187.78775,0.0,0.0,172.81749999999997,93.91024999999999,0.0,292.89,281.681625,0.0,0.0,259.22625,140.865375,0.0,390.52,375.5755,0.0,0.0,345.63499999999993,187.82049999999998,0.0
115,97.63,94.0303125,0.0,0.0,84.528125,45.7271875,0.0,195.26,188.060625,0.0,0.0,169.05625,91.454375,0.0,292.89,282.0909375,0.0,0.0,253.584375,137.1815625,0.0,390.52,376.12125,0.0,0.0,338.1125,182.90875,0.0
116,97.63,94.16675000000001,0.0,0.0,82.64749999999997,44.49924999999998,0.0,195.26,188.33350000000002,0.0,0.0,165.29499999999993,88.99849999999996,0.0,292.89,282.50025,0.0,0.0,247.9424999999999,133.49774999999994,0.0,390.52,376.66700000000003,0.0,0.0,330.58999999999986,177.99699999999993,0.0
117,97.655875,94.25,0.0,0.0,80.72087499999998,43.330249999999985,0.0,195.31175,188.5,0.0,0.0,161.44174999999996,86.66049999999997,0.0,292.967625,282.75,0.0,0.0,242.16262499999993,129.99074999999996,0.0,390.6235,377.0,0.0,0.0,322.8834999999999,173.32099999999994,0.0
118,97.72225,94.25,0.0,0.0,78.72224999999999,42.25349999999999,0.0,195.4445,188.5,0.0,0.0,157.44449999999998,84.50699999999998,0.0,293.16675,282.75,0.0,0.0,236.16674999999995,126.76049999999998,0.0,390.889,377.0,0.0,0.0,314.88899999999995,169.01399999999995,0.0
119,97.788625,94.25,0.0,0.0,76.72362499999998,41.17674999999999,0.0,195.57725,188.5,0.0,0.0,153.44724999999997,82.35349999999998,0.0,293.365875,282.75,0.0,0.0,230.170875,123.53024999999998,0.0,391.1545,377.0,0.0,0.0,306.89449999999994,164.70699999999997,0.0
120,97.81,94.3425,0.0,0.0,74.6825,39.945,0.0,195.62,188.685,0.0,0.0,149.365,79.89,0.0,293.43,283.02750000000003,0.0,0.0,224.0475,119.835,0.0,391.24,377.37,0.0,0.0,298.73,159.78,0.0
121,97.81,94.4789375,0.0,0.0,72.62118749999996,38.63962499999998,0.0,195.62,188.957875,0.0,0.0,145.24237499999992,77.27924999999996,0.0,293.43,283.43681250000003,0.0,0.0,217.86356249999992,115.91887499999994,0.0,391.24,377.91575,0.0,0.0,290.48474999999985,154.55849999999992,0.0
122,97.81,94.615375,0.0,0.0,70.55987499999998,37.33424999999998,0.0,195.62,189.23075,0.0,0.0,141.11974999999995,74.66849999999997,0.0,293.43,283.84612500000003,0.0,0.0,211.67962499999993,112.00274999999996,0.0,391.24,378.4615,0.0,0.0,282.2394999999999,149.33699999999993,0.0
123,98.0059375,94.62,0.0,0.0,68.50212499999998,36.47418749999999,0.0,196.011875,189.24,0.0,0.0,137.00424999999996,72.94837499999998,0.0,294.0178125,283.86,0.0,0.0,205.50637499999993,109.42256249999998,0.0,392.02375,378.48,0.0,0.0,274.0084999999999,145.89674999999997,0.0
124,98.20875,94.62,0.0,0.0,66.44449999999999,35.629749999999994,0.0,196.4175,189.24,0.0,0.0,132.88899999999998,71.25949999999999,0.0,294.62624999999997,283.86,0.0,0.0,199.33349999999996,106.88924999999999,0.0,392.835,378.48,0.0,0.0,265.77799999999996,142.51899999999998,0.0
125,98.39375,94.62,0.0,0.0,64.2228125,34.765625,0.0,196.7875,189.24,0.0,0.0,128.445625,69.53125,0.0,295.18125,283.86,0.0,0.0,192.66843749999998,104.296875,0.0,393.575,378.48,0.0,0.0,256.89125,139.0625,0.0
126,98.5265,94.62,0.0,0.0,61.519874999999956,33.843749999999986,0.0,197.053,189.24,0.0,0.0,123.03974999999991,67.68749999999997,0.0,295.5795,283.86,0.0,0.0,184.55962499999987,101.53124999999996,0.0,394.106,378.48,0.0,0.0,246.07949999999983,135.37499999999994,0.0
127,98.65925,94.62,0.0,0.0,58.816937499999966,32.921874999999986,0.0,197.3185,189.24,0.0,0.0,117.63387499999993,65.84374999999997,0.0,295.97775,283.86,0.0,0.0,176.45081249999993,98.76562499999997,0.0,394.637,378.48,0.0,0.0,235.26774999999986,131.68749999999994,0.0
128,98.466,94.62,0.0,0.0,59.142000000000024,31.95799999999999,0.0,196.932,189.24,0.0,0.0,118.28400000000005,63.91599999999998,0.0,295.398,283.86,0.0,0.0,177.42600000000007,95.87399999999998,0.0,393.864,378.48,0.0,0.0,236.5680000000001,127.83199999999997,0.0
129,97.9976875,94.62,0.0,0.0,62.02193750000001,30.958687499999996,0.0,195.995375,189.24,0.0,0.0,124.04387500000001,61.91737499999999,0.0,293.9930625,283.86,0.0,0.0,186.06581250000002,92.87606249999999,0.0,391.99075,378.48,0.0,0.0,248.08775000000003,123.83474999999999,0.0
130,97.529375,94.62,0.0,0.0,64.901875,29.959374999999998,0.0,195.05875,189.24,0.0,0.0,129.80375,59.918749999999996,0.0,292.58812500000005,283.86,0.0,0.0,194.705625,89.87812500000001,0.0,390.1175,378.48,0.0,0.0,259.6075,119.83749999999999,0.0
131,97.16825,94.79150000000001,0.0,0.0,67.19687500000003,29.088687499999985,0.0,194.3365,189.58300000000003,0.0,0.0,134.39375000000007,58.17737499999997,0.0,291.50475,284.3745,0.0,0.0,201.5906250000001,87.26606249999996,0.0,388.673,379.16600000000005,0.0,0.0,268.78750000000014,116.35474999999994,0.0
132,96.829,94.998,0.0,0.0,69.37250000000003,28.24424999999999,0.0,193.658,189.996,0.0,0.0,138.74500000000006,56.48849999999998,0.0,290.48699999999997,284.994,0.0,0.0,208.11750000000006,84.73274999999997,0.0,387.316,379.992,0.0,0.0,277.4900000000001,112.97699999999996,0.0
133,96.450375,95.187875,0.0,0.0,71.52056250000003,27.709562500000015,0.0,192.90075,190.37575,0.0,0.0,143.04112500000005,55.41912500000003,0.0,289.35112499999997,285.563625,0.0,0.0,214.56168750000006,83.12868750000004,0.0,385.8015,380.7515,0.0,0.0,286.0822500000001,110.83825000000006,0.0
134,95.77924999999999,95.25425,0.0,0.0,73.46387500000002,29.475875000000006,0.0,191.55849999999998,190.5085,0.0,0.0,146.92775000000003,58.95175000000001,0.0,287.33774999999997,285.76275,0.0,0.0,220.39162500000003,88.42762500000002,0.0,383.11699999999996,381.017,0.0,0.0,293.85550000000006,117.90350000000002,0.0
135,95.108125,95.320625,0.0,0.0,75.4071875,31.2421875,0.0,190.21625,190.64125,0.0,0.0,150.814375,62.484375,0.0,285.324375,285.96187499999996,0.0,0.0,226.2215625,93.7265625,0.0,380.4325,381.2825,0.0,0.0,301.62875,124.96875,0.0
136,94.38149999999999,95.3885,0.0,0.0,77.27700000000003,33.13450000000003,0.0,188.76299999999998,190.777,0.0,0.0,154.55400000000006,66.26900000000006,0.0,283.14449999999994,286.1655,0.0,0.0,231.8310000000001,99.4035000000001,0.0,377.52599999999995,381.554,0.0,0.0,309.1080000000001,132.53800000000012,0.0
137,93.57393749999999,95.4585625,0.0,0.0,79.03962500000003,35.21056250000002,0.0,187.14787499999997,190.917125,0.0,0.0,158.07925000000006,70.42112500000005,0.0,280.7218125,286.37568749999997,0.0,0.0,237.11887500000006,105.63168750000008,0.0,374.29574999999994,381.83425,0.0,0.0,316.1585000000001,140.8422500000001,0.0
138,92.766375,95.52862499999999,0.0,0.0,80.80225000000002,37.286625000000015,0.0,185.53275,191.05724999999998,0.0,0.0,161.60450000000003,74.57325000000003,0.0,278.299125,286.585875,0.0,0.0,242.40675000000005,111.85987500000006,0.0,371.0655,382.11449999999996,0.0,0.0,323.20900000000006,149.14650000000006,0.0
139,91.77175,95.596125,0.0,0.0,82.23943750000001,39.30631250000001,0.0,183.5435,191.19225,0.0,0.0,164.47887500000002,78.61262500000002,0.0,275.31525,286.788375,0.0,0.0,246.71831250000002,117.91893750000003,0.0,367.087,382.3845,0.0,0.0,328.95775000000003,157.22525000000005,0.0
140,90.695,95.6625,0.0,0.0,83.53375,41.301249999999996,0.0,181.39,191.325,0.0,0.0,167.0675,82.60249999999999,0.0,272.08500000000004,286.9875,0.0,0.0,250.60125000000002,123.90375,0.0,362.78,382.65,0.0,0.0,334.135,165.20499999999998,0.0
141,89.61824999999997,95.728875,0.0,0.0,84.82806250000002,43.29618750000003,0.0,179.23649999999995,191.45775,0.0,0.0,169.65612500000003,86.59237500000006,0.0,268.85474999999997,287.186625,0.0,0.0,254.48418750000008,129.8885625000001,0.0,358.4729999999999,382.9155,0.0,0.0,339.31225000000006,173.18475000000012,0.0
142,88.67199999999998,95.79887500000001,0.0,0.0,86.122375,45.82400000000003,0.0,177.34399999999997,191.59775000000002,0.0,0.0,172.24475,91.64800000000005,0.0,266.01599999999996,287.396625,0.0,0.0,258.36712500000004,137.4720000000001,0.0,354.68799999999993,383.19550000000004,0.0,0.0,344.4895,183.2960000000001,0.0
143,87.728,95.8689375,0.0,0.0,87.41668750000001,48.36100000000002,0.0,175.456,191.737875,0.0,0.0,174.83337500000002,96.72200000000004,0.0,263.18399999999997,287.6068125,0.0,0.0,262.2500625,145.08300000000006,0.0,350.912,383.47575,0.0,0.0,349.66675000000004,193.44400000000007,0.0
144,86.675,95.901,0.0,0.0,88.519,50.87700000000001,0.0,173.35,191.802,0.0,0.0,177.038,101.75400000000002,0.0,260.025,287.703,0.0,0.0,265.557,152.63100000000003,0.0,346.7,383.604,0.0,0.0,354.076,203.50800000000004,0.0
145,85.3290625,95.8309375,0.0,0.0,89.1053125,53.3365625,0.0,170.658125,191.661875,0.0,0.0,178.210625,106.673125,0.0,255.9871875,287.4928125,0.0,0.0,267.3159375,160.00968749999998,0.0,341.31625,383.32375,0.0,0.0,356.42125,213.34625,0.0
146,83.98312499999999,95.760875,0.0,0.0,89.69162500000002,55.79612500000004,0.0,167.96624999999997,191.52175,0.0,0.0,179.38325000000003,111.59225000000008,0.0,251.94937499999992,287.282625,0.0,0.0,269.074875,167.3883750000001,0.0,335.93249999999995,383.0435,0.0,0.0,358.76650000000006,223.18450000000016,0.0
147,82.60006249999998,95.73,0.0,0.0,89.25906249999998,57.867937500000025,0.0,165.20012499999996,191.46,0.0,0.0,178.51812499999997,115.73587500000005,0.0,247.80018749999994,287.19,0.0,0.0,267.77718749999997,173.60381250000006,0.0,330.4002499999999,382.92,0.0,0.0,357.03624999999994,231.4717500000001,0.0
148,81.18775,95.73,0.0,0.0,88.02374999999999,59.634250000000016,0.0,162.3755,191.46,0.0,0.0,176.04749999999999,119.26850000000003,0.0,243.56324999999995,287.19,0.0,0.0,264.07124999999996,178.90275000000003,0.0,324.751,382.92,0.0,0.0,352.09499999999997,238.53700000000006,0.0
149,79.7754375,95.73,0.0,0.0,86.78843749999999,61.40056250000001,0.0,159.550875,191.46,0.0,0.0,173.57687499999997,122.80112500000001,0.0,239.3263125,287.19,0.0,0.0,260.3653125,184.20168750000002,0.0,319.10175,382.92,0.0,0.0,347.15374999999995,245.60225000000003,0.0
150,78.07875,95.73,0.0,0.0,85.00625,62.77625,0.0,156.1575,191.46,0.0,0.0,170.0125,125.5525,0.0,234.23625,287.19,0.0,0.0,255.01875,188.32874999999999,0.0,312.315,382.92,0.0,0.0,340.025,251.105,0.0
151,76.33087499999996,95.73,0.0,0.0,83.12562499999997,64.08162500000002,0.0,152.66174999999993,191.46,0.0,0.0,166.25124999999994,128.16325000000003,0.0,228.99262499999992,287.19,0.0,0.0,249.37687499999993,192.24487500000006,0.0,305.32349999999985,382.92,0.0,0.0,332.5024999999999,256.32650000000007,0.0
152,74.55549999999997,95.73,0.0,0.0,81.22899999999997,65.44950000000001,0.0,149.11099999999993,191.46,0.0,0.0,162.45799999999994,130.89900000000003,0.0,223.66649999999993,287.19,0.0,0.0,243.68699999999993,196.34850000000006,0.0,298.22199999999987,382.92,0.0,0.0,324.9159999999999,261.79800000000006,0.0
153,72.60481249999998,95.73,0.0,0.0,79.23037499999998,67.21581250000001,0.0,145.20962499999996,191.46,0.0,0.0,158.46074999999996,134.43162500000003,0.0,217.81443749999997,287.19,0.0,0.0,237.69112499999997,201.64743750000002,0.0,290.4192499999999,382.92,0.0,0.0,316.9214999999999,268.86325000000005,0.0
154,70.654125,95.73,0.0,0.0,77.23174999999999,68.98212500000001,0.0,141.30825,191.46,0.0,0.0,154.46349999999998,137.96425000000002,0.0,211.96237499999998,287.19,0.0,0.0,231.69525,206.94637500000002,0.0,282.6165,382.92,0.0,0.0,308.92699999999996,275.92850000000004,0.0
155,68.645625,95.6721875,0.0,0.0,75.2065625,70.5859375,0.0,137.29125,191.344375,0.0,0.0,150.413125,141.171875,0.0,205.93687500000001,287.0165625,0.0,0.0,225.6196875,211.7578125,0.0,274.5825,382.68875,0.0,0.0,300.82625,282.34375,0.0
156,66.55849999999997,95.53575,0.0,0.0,73.14524999999996,71.96875000000003,0.0,133.11699999999993,191.0715,0.0,0.0,146.29049999999992,143.93750000000006,0.0,199.67549999999991,286.60724999999996,0.0,0.0,219.4357499999999,215.90625000000006,0.0,266.23399999999987,382.143,0.0,0.0,292.58099999999985,287.8750000000001,0.0
157,64.47137499999997,95.3993125,0.0,0.0,71.08393749999998,73.35156250000001,0.0,128.94274999999993,190.798625,0.0,0.0,142.16787499999995,146.70312500000003,0.0,193.41412499999993,286.19793749999997,0.0,0.0,213.25181249999991,220.05468750000006,0.0,257.88549999999987,381.59725,0.0,0.0,284.3357499999999,293.40625000000006,0.0
158,62.38424999999998,95.36,0.0,0.0,69.02524999999999,74.67925000000001,0.0,124.76849999999996,190.72,0.0,0.0,138.05049999999997,149.35850000000002,0.0,187.15274999999997,286.08,0.0,0.0,207.07574999999994,224.03775000000005,0.0,249.53699999999992,381.44,0.0,0.0,276.10099999999994,298.71700000000004,0.0
159,60.297124999999994,95.36,0.0,0.0,66.96762499999998,75.98462500000001,0.0,120.59424999999999,190.72,0.0,0.0,133.93524999999997,151.96925000000002,0.0,180.89137499999998,286.08,0.0,0.0,200.90287499999997,227.953875,0.0,241.18849999999998,381.44,0.0,0.0,267.87049999999994,303.93850000000003,0.0
